{
  "exact_match_accuracy": {
    "value": 0.6496350364963503,
    "ci_lower": 0.5693430656934306,
    "ci_upper": 0.7299270072992701
  },
  "candidate_recall_at_k": {
    "value": 0.8686131386861314,
    "ci_lower": 0.8102189781021898,
    "ci_upper": 0.9197080291970803
  },
  "concept_path_accuracy": {
    "value": 0.9485294117647058,
    "ci_lower": 0.9124087591240876,
    "ci_upper": 0.9852941176470589
  },
  "mean_tree_distance": {
    "value": 0.5,
    "ci_lower": 0.3504273504273504,
    "ci_upper": 0.6666666666666666
  },
  "weighted_accuracy": {
    "value": 0.7195863746958637,
    "ci_lower": 0.6508515815085159,
    "ci_upper": 0.7980535279805351
  },
  "validation_pass_rate": {
    "value": 1.0,
    "ci_lower": 1.0,
    "ci_upper": 1.0
  },
  "no_match_rate": {
    "value": 0.1386861313868613,
    "ci_lower": 0.08029197080291971,
    "ci_upper": 0.20437956204379562
  }
}